{"loss": [0.020653956308244514], "mean_absolute_error": [1.3605876058340072], "mean_q": [-1.2164330136317474], "mean_eps": [0.9967105000000002], "episode_reward": [-546.2628467042991], "nb_episode_steps": [431], "nb_steps": [431], "episode": [0], "duration": [58.9411217], "Final_Y": [16.629833221435547], "Final_X": [-21.724153518676758]}