{"loss": [66.97622375488281, 178.44085699462892, 245.0911891928343, 275.16015050888063, 254.80358766305326, 292.32901807798856, 546.7773427011796, 951.998950418272, 1088.318188153235, 895.1511749227318, 612.7962985221154], "mean_absolute_error": [466.4078755696615, 428.1592653808594, 496.5784313166253, 535.6982601928711, 540.5646998858211, 545.4258674953295, 548.4685355272758, 566.6484234256832, 575.1762805357298, 584.096971979871, 610.6548942190702], "mean_q": [496.311728922526, 454.59983907063804, 527.5661658171182, 568.9349401855469, 574.7416281651969, 579.2446108831875, 583.5192494403459, 604.2227581146101, 613.1527449029973, 624.4114394376649, 652.1486105997054], "mean_eps": [0.997228, 0.993785500000003, 0.9894474999999996, 0.9880345000000001, 0.9866935000000002, 0.9845605, 0.9813790000000003, 0.9784539999999993, 0.9762580000000001, 0.9733420000000006, 0.9708129999999999], "episode_reward": [-428.5108501542979, -854.2641290829566, -316.8869490164124, 913.1494318457054, 812.9374500812517, -396.0972723507256, -536.2374426730444, -342.44629973180554, -380.6565050972721, 635.6926619941839, -302.5623728526385], "nb_episode_steps": [316, 750, 214, 100, 198, 276, 431, 219, 269, 379, 183], "nb_steps": [316, 1066, 1280, 1380, 1578, 1854, 2285, 2504, 2773, 3152, 3335], "episode": [0, 1, 2, 3, 4, 5, 6, 7, 8, 9, 10], "duration": [37.3177804, 81.09258840000001, 27.94216320000001, 17.2891846, 27.10890900000001, 35.0928413, 52.901009200000004, 30.914154199999984, 36.69872320000002, 51.41317929999997, 28.001520400000004], "Final_Y": [11.969711303710938, 4.881204128265381, 24.137470245361328, 8.593061447143555, -5.112088680267334, 12.125734329223633, -24.14175796508789, 24.141511917114258, 14.970719337463379, 8.22629451751709, 24.157241821289062], "Final_X": [-24.144994735717773, 0.6410757303237915, -1.3774304389953613, 4.711328506469727, -11.903024673461914, -24.204614639282227, -21.250484466552734, 0.9753175377845764, -24.154014587402344, 5.654861927032471, -4.2273688316345215]}