{"loss": [NaN, NaN], "mean_absolute_error": [NaN, NaN], "mean_q": [NaN, NaN], "mean_eps": [NaN, NaN], "episode_reward": [-166.06213763565648, -172.16068040869658], "nb_episode_steps": [66, 47], "nb_steps": [66, 113], "episode": [0, 1], "duration": [10.9201972, 49.69135870000001], "Final_Y": [2.8859596252441406, 29.152315139770508], "Final_X": [-0.0736536830663681, -8.747942924499512]}