{"loss": [NaN, NaN], "mean_absolute_error": [NaN, NaN], "mean_q": [NaN, NaN], "mean_eps": [NaN, NaN], "episode_reward": [-149.83741879102706, -171.6157284926551], "nb_episode_steps": [49, 65], "nb_steps": [49, 114], "episode": [0, 1], "duration": [26.961161, 28.290681100000004], "Final_Y": [24.23180389404297, 24.145448684692383], "Final_X": [-23.436050415039062, -3.317822217941284]}