{"loss": [0.05076921440791629, 5.759883016145186, 489.91844956150146, 549.8719213864007, 73.59264168765519, 80.80647001603637, 106.31762201354482, 195.1075993092855, 52.175371425135154, 19.25533512353897, 23.02907808344974, 51.41875206982648, 88.21402696526569, 86.51768306123108, 98.60867406272888, 48.104272871628446, 47.053129163106284, 32.599886978800235, 181.78191805648802, 561.5273108136055, 1059.0672704898168, 743.0455006092518, 1085.9656085535685, 315.85039839511967, 460.2336537296787, 506.08549660528683, 172.01031758539054, 113.68058671363195, 111.17909840689765, 166.00642556855172, 184.57188959324614, 602.362087582906, 270.50196699906087, 1224.593586276071, 647.9283294522666, 492.0575026512146, 109.46972177918666, 102.5921813329061, 586.8117655374671, 954.9078941146117, 480.7969791211178, 1029.691616812388, 342.50874152205745, 323.08164127747216, 332.9115651958394, 564.2121606171131, 516.6363773752848, 176.1801254363621, 110.73278281121438, 175.46505880669542, 173.98380472218648, 274.2046568612767, 307.40011556609636, 558.4908085098267, 581.6490166832929, 809.2818966564279, 671.6855722995515, 353.8350487484932, 173.36414337889354, 248.15887487345728, 789.450946248176, 572.6806918399435, 359.52359668865347, 192.09434976439545, 236.7695468718211, 469.2246800895751, 3164.7153222502416, 1968.954535484314, 592.4157375192897, 1597.883489537557, 4559.469153016057, 9481.170539311, 4436.5114726613365, 499.08693872179305, 772.7845566279607, 3601.7044080279475, 2851.0558110524917, 1628.9777862968444, 219.01215055554184, 635.0825280850728, 7408.880834203188, 5961.431041954859, 448.27483374167497, 563.301527338028, 696.5952834752401, 122.82031455039979, 279.81615530464745, 435.2339459489187, 163.1692713253156, 212.56375174011504, 444.7409853902859, 1299.795435010022, 1489.3909434498016, 1077.6309727265916, 781.8016253255208, 6494.821007191051, 4368.347231358658, 5521.841993995136, 9803.999407244852, 2649.303874928464, 2696.0411372073863, 2788.8078963301564, 2625.6529491541737, 2035.8433573737216, 1647.2573580013093, 987.0870733413697, 1019.7167885615031, 10376.871049061529, 8018.971516784668, 2014.7558146737779, 35076.79174812826], "mean_absolute_error": [2.0496124049486855, 4.322080174614402, 2.9238802813744362, 8.801334244789526, 39.18502007473956, 49.16046717672637, 79.31734569560881, 131.9062306391398, 59.55777337134301, 66.93994385274252, 85.19917045165, 87.54529225384748, 138.34738414598547, 147.23423164431787, 188.3276801147461, 85.32160831759568, 69.74829728190105, 54.30977464366604, 170.92168717447916, 388.95111514469767, 516.5468273115978, 571.3611296232756, 509.80464886474607, 321.3445726952902, 345.33118274899346, 407.29903288671045, 232.36663534330285, 227.77476666259764, 317.2415323215061, 482.9221562997697, 480.66864468189, 505.32550771077473, 376.2263387597126, 482.7577194125325, 453.44795189834224, 279.4459400939941, 232.572971146503, 250.31800774468317, 251.0524211596417, 246.41828233563575, 438.0268103239215, 658.3711271158854, 365.3664717111528, 267.77095654296875, 264.8808734821823, 275.3762412071228, 294.8885602416992, 212.45283328785615, 159.75888778391666, 175.52411250064247, 193.4978121400144, 234.56873901888855, 258.6299327981883, 281.43735656738284, 444.51108379046605, 484.80556311501823, 336.79324373285823, 286.173092183431, 516.8629977213542, 749.1355354046, 748.0240478515625, 580.852060237401, 374.1727176146074, 254.78080638940784, 470.0296004231771, 845.2956110436147, 935.7386921978776, 642.3432116346295, 445.1686489492814, 1120.7994753417968, 1661.262187401853, 1491.4378945486885, 992.2757445475261, 594.7781154087612, 755.7570397104928, 913.4516075921653, 1021.6228482398761, 841.6524639892579, 374.3604423601603, 1208.7902576904296, 1891.047779815051, 482.65399678548175, 307.0935487545065, 499.5796656799316, 1023.3633584391276, 964.9814063313802, 463.96356216848716, 428.6701834309896, 401.0721388181675, 459.6842524769542, 580.4032374124575, 743.1523535342617, 725.1119393774504, 1171.6338353650324, 1700.125371907552, 2007.9014870383523, 1949.6237250434028, 1149.9531023130714, 954.9308794323442, 795.775398938032, 782.1860909008325, 820.0000843310174, 820.76504131226, 888.4119262695312, 954.2387530064478, 730.376330078125, 1216.5910272623698, 1881.9653120252822, 1714.2053338216147, 2286.2812331284936, 2266.949520670573], "mean_q": [-1.9868194527933394, -3.951611175256617, -1.1524754354118993, 15.41264994536277, 49.88409116765955, 56.55765361015243, 90.2003819043983, 149.1455136235555, 66.24395345141004, 72.66382167053223, 90.87521517747653, 95.83833911683824, 152.88460550722868, 160.44966260124656, 204.16683083089194, 93.61029608468823, 76.01839650980631, 59.33492317715206, 188.7992288309733, 420.25591022342275, 552.7805959340689, 606.4295101681271, 543.5542277628581, 344.2338079359473, 369.27549518983056, 437.79848283546164, 250.83035282466722, 242.7567049153646, 338.0691861300998, 514.6357939749053, 512.136666155876, 538.2212695109049, 401.55526144608206, 517.7148261595971, 483.16236889846925, 300.6265809733073, 249.63750256114824, 269.8335754394531, 273.44658324539023, 270.351920237372, 477.7241420975037, 703.8891791178386, 386.438206358726, 282.63954903157554, 281.0217668065485, 295.39060735702515, 314.9653619384766, 226.1668857350069, 169.5557061900263, 185.94316984477797, 204.9730003340017, 249.89367692083374, 278.2814652015423, 307.2128049316406, 483.18170609236125, 522.8363316495654, 360.3777017796293, 304.11485646565757, 546.5640185546876, 791.565612442192, 795.460865388966, 622.6928967757964, 401.5280268120043, 271.98260807645494, 500.24563205973305, 902.4875478669414, 999.4245319418426, 686.4822185282804, 475.1400725828773, 1194.658505859375, 1770.2819548180355, 1586.5416957310267, 1059.50109765625, 637.5034615652902, 806.4990710167789, 976.5175753013095, 1090.049107478215, 896.1605095214844, 397.0346952772632, 1277.9299598795574, 1997.3075174552243, 514.6717755043343, 329.53711222683535, 531.1268663024903, 1080.1786268310548, 1014.1948715820313, 490.08254388260514, 454.0931744791667, 423.91248733730356, 496.78123247754445, 616.0414569122885, 789.322722689796, 772.3205138484491, 1245.2955649803425, 1794.029927734375, 2129.860029740767, 2060.0035968042694, 1226.6369443019803, 1024.4015089863478, 858.2542070505012, 835.676783620177, 875.4918511077648, 883.5137243694006, 952.5190684256243, 1014.6020281262794, 779.6303523763021, 1285.4513611653647, 1996.6908766004774, 1820.6030817871094, 2417.2149522569443, 2419.4426653645833],