{"loss": [0.03611185909186662], "mean_absolute_error": [1.9468465046272645], "mean_q": [-1.8991422776002147], "mean_eps": [0.9952750000000005], "episode_reward": [-867.6044401514212], "nb_episode_steps": [750], "nb_steps": [750], "episode": [0], "duration": [76.22539540000001], "Final_Y": [-8.887746810913086], "Final_X": [-23.368913650512695]}